[{"model": "admin.logentry", "pk": 29, "fields": {"action_time": "2026-05-09T06:34:16.912Z", "user": 3, "content_type": 7, "object_id": "1", "object_repr": "Wheat", "action_flag": 2, "change_message": "[{\"changed\": {\"fields\": [\"Name\", \"Description\", \"Short description en\", \"Stock\"]}}]"}}, {"model": "admin.logentry", "pk": 30, "fields": {"action_time": "2026-05-09T06:36:03.569Z", "user": 3, "content_type": 7, "object_id": "2", "object_repr": "Jowar", "action_flag": 2, "change_message": "[{\"changed\": {\"fields\": [\"Name\", \"Description\", \"Short description en\", \"Stock\"]}}]"}}, {"model": "admin.logentry", "pk": 31, "fields": {"action_time": "2026-05-09T06:36:56.909Z", "user": 3, "content_type": 7, "object_id": "3", "object_repr": "Bajri", "action_flag": 2, "change_message": "[{\"changed\": {\"fields\": [\"Name\", \"Description\", \"Short description en\", \"Stock\"]}}]"}}, {"model": "admin.logentry", "pk": 32, "fields": {"action_time": "2026-05-09T06:37:29.063Z", "user": 3, "content_type": 7, "object_id": "4", "object_repr": "Toor Dal", "action_flag": 2, "change_message": "[{\"changed\": {\"fields\": [\"Name\", \"Description\", \"Short description en\", \"Stock\"]}}]"}}, {"model": "admin.logentry", "pk": 33, "fields": {"action_time": "2026-05-09T06:37:57.515Z", "user": 3, "content_type": 7, "object_id": "5", "object_repr": "Matki", "action_flag": 2, "change_message": "[{\"changed\": {\"fields\": [\"Name\", \"Description\", \"Short description en\", \"Stock\"]}}]"}}, {"model": "admin.logentry", "pk": 34, "fields": {"action_time": "2026-05-09T06:38:34.059Z", "user": 3, "content_type": 7, "object_id": "6", "object_repr": "Turmeric Powder", "action_flag": 2, "change_message": "[{\"changed\": {\"fields\": [\"Name\", \"Description\", \"Short description en\", \"Stock\"]}}]"}}, {"model": "auth.user", "pk": 3, "fields": {"password": "pbkdf2_sha256$870000$UAgHuBEim0ZeFd2rkPbNnm$+5YXarZ5sQKGnmkXWvNthPUiem9btxvK51njn/JscmY=", "last_login": "2026-05-09T18:30:38.142Z", "is_superuser": true, "username": "Atharva@10", "first_name": "", "last_name": "", "email": "atharvabansode2001@gmail.com", "is_staff": true, "is_active": true, "date_joined": "2026-05-03T08:59:03.473Z", "groups": [], "user_permissions": []}}, {"model": "auth.user", "pk": 5, "fields": {"password": "pbkdf2_sha256$870000$NeZjuBionB4jP1wzHhGOAU$FeuR6Pe93TWHkGBqdmhb77VsMxilG0L5le+Q+zR1bUA=", "last_login": null, "is_superuser": false, "username": "Swati@83", "first_name": "", "last_name": "", "email": "", "is_staff": false, "is_active": true, "date_joined": "2026-05-09T10:08:00.961Z", "groups": [], "user_permissions": []}}, {"model": "sessions.session", "pk": "1krncrig7jzq8kkdtiw42v1xquyn2r4u", "fields": {"session_data": ".eJxVjEEOwiAQAP_C2RBAENaj976B7Ha3UjU0Ke3J-HdD0oNeZybzVhn3reS9yZpnVldl1emXEY5PqV3wA-t90eNSt3Um3RN92KaHheV1O9q_QcFW-jYG7-3ZIYAQQBBgxgAGDeNECdGa6MmK92CCdSkCGXYUY-rkMqnPF85YNxg:1w0G9w:yuLSxWX8S-vbp72RSkUVIZMP0VG2DwYI98GPCDJla1c", "expire_date": "2026-03-25T09:47:20.377Z"}}, {"model": "sessions.session", "pk": "cxwyvzsln8veda50wtp5fxuy2i0l477h", "fields": {"session_data": ".eJxVjEEOwiAQAP_C2RBAENaj976B7Ha3UjU0Ke3J-HdD0oNeZybzVhn3reS9yZpnVldl1emXEY5PqV3wA-t90eNSt3Um3RN92KaHheV1O9q_QcFW-jYG7-3ZIYAQQBBgxgAGDeNECdGa6MmK92CCdSkCGXYUY-rkMqnPF85YNxg:1w5eNy:MoUCsGxyclh53CsC2t2Hjeniwf6zCbq8-27AgS1KxWs", "expire_date": "2026-04-09T06:40:06.948Z"}}, {"model": "sessions.session", "pk": "tbx20qkisidbkz4mfh2bi4ulolxdinru", "fields": {"session_data": ".eJxVjEEOwiAQAP_C2RBAENaj976B7Ha3UjU0Ke3J-HdD0oNeZybzVhn3reS9yZpnVldl1emXEY5PqV3wA-t90eNSt3Um3RN92KaHheV1O9q_QcFW-jYG7-3ZIYAQQBBgxgAGDeNECdGa6MmK92CCdSkCGXYUY-rkMqnPF85YNxg:1wHHxj:QS4P4aPPeaSkU6qwZOEeHelMKIoHiyzHzfX3STD5V0Q", "expire_date": "2026-05-11T09:09:07.994Z"}}, {"model": "sessions.session", "pk": "ysho88g6no13w7giozeb0gal3l9n464q", "fields": {"session_data": ".eJxVjEEOwiAQAP_C2RBAENaj976B7Ha3UjU0Ke3J-HdD0oNeZybzVhn3reS9yZpnVldl1emXEY5PqV3wA-t90eNSt3Um3RN92KaHheV1O9q_QcFW-jYG7-3ZIYAQQBBgxgAGDeNECdGa6MmK92CCdSkCGXYUY-rkMqnPF85YNxg:1wGvyg:D4OZNbWy6ZK5UOFSL6S5TII1MO8Oo-R2ExUJglDcZWE", "expire_date": "2026-05-10T09:40:38.163Z"}}, {"model": "sessions.session", "pk": "yyg2ojf6686j0uuzeln301gjivi5bkdx", "fields": {"session_data": ".eJxVjMsOwiAQAP-FsyFAedWjd7-BLLurVA0kpT0Z_92Q9KDXmcm8RYJ9K2nvvKaFxFlM4vTLMuCT6xD0gHpvElvd1iXLkcjDdnltxK_L0f4NCvQytjE6owmiR7QawCODm2eVdYCbQ8DJRvIhGqtc8KxtBG1zDppNZiYlPl_g-Df4:1wLmRi:Y1A5u3DpWAuj1onVkhEHadGm1cmPxxbHpFBY5xyRj2M", "expire_date": "2026-05-23T18:30:38.146Z"}}, {"model": "store.product", "pk": 1, "fields": {"name": "Wheat", "description": "Premium quality wheat, perfect for soft and healthy chapatis. Rich in nutrients and fiber, making it ideal for daily wholesome meals.", "short_description_en": "Premium wheat for soft chapatis.", "price": "45.00", "unit": "per kg", "image": "products/wheat_9jcz5S4.jpg", "stock": "IN_STOCK", "created_at": "2026-02-27T15:17:04.941Z"}}, {"model": "store.product", "pk": 2, "fields": {"name": "Jowar", "description": "Authentic Mangalwedha Maldandi Jowar, known for its rich taste and high nutritional value. Naturally grown in the Mangalwedha region, this traditional millet is ideal for bhakri and rotis, offering a healthy, gluten-free diet with superior quality and aroma.", "short_description_en": "Authentic Mangalwedha Maldandi Jowar.", "price": "70.00", "unit": "per kg", "image": "products/jowar_dL4R4x2.jpg", "stock": "IN_STOCK", "created_at": "2026-02-27T15:17:48.618Z"}}, {"model": "store.product", "pk": 3, "fields": {"name": "Bajri", "description": "Nutritious bajra grains that provide high energy and support digestion. Perfect for traditional bhakri with authentic rural taste.", "short_description_en": "Nutritious millet for energy.", "price": "40.00", "unit": "per kg", "image": "products/bajri_lXopdG2.jpg", "stock": "OUT_OF_STOCK", "created_at": "2026-02-27T15:18:29.888Z"}}, {"model": "store.product", "pk": 4, "fields": {"name": "Toor Dal", "description": "High-quality toor dal used in delicious dal and sambar. Rich in protein and essential nutrients for a healthy diet.", "short_description_en": "Protein-rich lentil for daily meals.", "price": "120.00", "unit": "per kg", "image": "products/toor_dal_uOHFc7g.jpg", "stock": "OUT_OF_STOCK", "created_at": "2026-02-27T15:19:21.462Z"}}, {"model": "store.product", "pk": 5, "fields": {"name": "Matki", "description": "Protein-rich matki ideal for sprouts and curries. A healthy choice that boosts energy and improves overall nutrition.", "short_description_en": "Healthy sprouts for nutrition", "price": "90.00", "unit": "per kg", "image": "products/matki_XLM4eRK.jpg", "stock": "OUT_OF_STOCK", "created_at": "2026-02-27T15:20:05.964Z"}}, {"model": "store.product", "pk": 6, "fields": {"name": "Turmeric Powder", "description": "Pure turmeric powder with natural color and strong aroma. Known for its immunity-boosting, healing, and anti-inflammatory properties.", "short_description_en": "Pure turmeric for immunity boost.", "price": "250.00", "unit": "per kg", "image": "products/turmeric_powder_zPIaa2D.jpg", "stock": "OUT_OF_STOCK", "created_at": "2026-04-19T07:44:49.086Z"}}, {"model": "store.cart", "pk": 2, "fields": {"user": 3, "created_at": "2026-05-03T09:52:31.391Z"}}, {"model": "store.cart", "pk": 3, "fields": {"user": 5, "created_at": "2026-05-09T10:08:21.471Z"}}, {"model": "store.order", "pk": 39, "fields": {"status": "Pending", "user": null, "full_name": "Atharva Bansode", "phone": "7499784750", "email": "test@gmail.com", "address": "narhe", "city": "pune", "pincode": "411041", "total_amount": "70.00", "payment_method": "COD", "payment_status": "Pending", "razorpay_order_id": null, "razorpay_payment_id": null, "delivery_charge": 0.0, "vehicle": "Scooter", "created_at": "2026-05-02T17:53:22.395Z", "confirmed_at": null, "out_for_delivery_at": null, "delivered_at": null}}, {"model": "store.order", "pk": 40, "fields": {"status": "Pending", "user": 3, "full_name": "Atharva Bansode ", "phone": "7499784650", "email": "test@gmail.com", "address": "Narhe", "city": "Pune", "pincode": "411041", "total_amount": "45.00", "payment_method": "COD", "payment_status": "Pending", "razorpay_order_id": null, "razorpay_payment_id": null, "delivery_charge": 0.0, "vehicle": "Scooter", "created_at": "2026-05-03T12:03:45.196Z", "confirmed_at": null, "out_for_delivery_at": null, "delivered_at": null}}, {"model": "store.order", "pk": 41, "fields": {"status": "Pending", "user": 3, "full_name": "Atharva Bansode ", "phone": "7499784650", "email": "test@gmail.com", "address": "Narhe ", "city": "pune", "pincode": "411041", "total_amount": "115.00", "payment_method": "COD", "payment_status": "Pending", "razorpay_order_id": null, "razorpay_payment_id": null, "delivery_charge": 0.0, "vehicle": "Scooter", "created_at": "2026-05-03T17:56:40.671Z", "confirmed_at": null, "out_for_delivery_at": null, "delivered_at": null}}, {"model": "store.order", "pk": 42, "fields": {"status": "Pending", "user": 3, "full_name": "Atharva Bansode ", "phone": "8499784650", "email": "test@gmail.com", "address": "Narhe", "city": "Pune", "pincode": "411041", "total_amount": "45.00", "payment_method": "COD", "payment_status": "Pending", "razorpay_order_id": null, "razorpay_payment_id": null, "delivery_charge": 0.0, "vehicle": "Scooter", "created_at": "2026-05-03T18:36:16.683Z", "confirmed_at": null, "out_for_delivery_at": null, "delivered_at": null}}, {"model": "store.order", "pk": 43, "fields": {"status": "Pending", "user": 3, "full_name": "Atharva Bansode ", "phone": "8499784750", "email": "test@gmail.com", "address": "Narhe ", "city": "Pune", "pincode": "411041", "total_amount": "45.00", "payment_method": "ONLINE", "payment_status": "Pending", "razorpay_order_id": null, "razorpay_payment_id": null, "delivery_charge": 0.0, "vehicle": "Scooter", "created_at": "2026-05-04T12:48:00.982Z", "confirmed_at": null, "out_for_delivery_at": null, "delivered_at": null}}, {"model": "store.order", "pk": 44, "fields": {"status": "Pending", "user": 3, "full_name": "Atharva Bansode", "phone": "7499784650", "email": "test@gmail.com", "address": "Narhe", "city": "Pune", "pincode": "411041", "total_amount": "45.00", "payment_method": "COD", "payment_status": "Pending", "razorpay_order_id": null, "razorpay_payment_id": null, "delivery_charge": 0.0, "vehicle": "Scooter", "created_at": "2026-05-05T10:40:42.844Z", "confirmed_at": null, "out_for_delivery_at": null, "delivered_at": null}}, {"model": "store.order", "pk": 45, "fields": {"status": "Pending", "user": 3, "full_name": "Atharva Bansode ", "phone": "8499794650", "email": "test@gmail.com", "address": "Narhe", "city": "Pune", "pincode": "411041", "total_amount": "45.00", "payment_method": "COD", "payment_status": "Pending", "razorpay_order_id": null, "razorpay_payment_id": null, "delivery_charge": 0.0, "vehicle": "Scooter", "created_at": "2026-05-05T17:11:27.644Z", "confirmed_at": null, "out_for_delivery_at": null, "delivered_at": null}}, {"model": "store.order", "pk": 46, "fields": {"status": "Pending", "user": 3, "full_name": "Atharva Bansode", "phone": "7499784750", "email": "test@gmail.com", "address": "Narhe", "city": "Pune", "pincode": "411041", "total_amount": "40.00", "payment_method": "COD", "payment_status": "Pending", "razorpay_order_id": null, "razorpay_payment_id": null, "delivery_charge": 0.0, "vehicle": "Scooter", "created_at": "2026-05-05T17:24:40.915Z", "confirmed_at": null, "out_for_delivery_at": null, "delivered_at": null}}, {"model": "store.order", "pk": 47, "fields": {"status": "Pending", "user": 3, "full_name": "Atharva Bansode", "phone": "8499794750", "email": "test@gmail.com", "address": "Narhe", "city": "Pune", "pincode": "411041", "total_amount": "155.00", "payment_method": "COD", "payment_status": "Pending", "razorpay_order_id": null, "razorpay_payment_id": null, "delivery_charge": 0.0, "vehicle": "Scooter", "created_at": "2026-05-05T17:39:55.567Z", "confirmed_at": null, "out_for_delivery_at": null, "delivered_at": null}}, {"model": "store.order", "pk": 48, "fields": {"status": "Pending", "user": 3, "full_name": "Atharva Bansode", "phone": "7499784650", "email": "test@gmail.com", "address": "Narhe", "city": "Pune", "pincode": "411041", "total_amount": "45.00", "payment_method": "COD", "payment_status": "Pending", "razorpay_order_id": null, "razorpay_payment_id": null, "delivery_charge": 0.0, "vehicle": "Scooter", "created_at": "2026-05-05T18:42:23.938Z", "confirmed_at": null, "out_for_delivery_at": null, "delivered_at": null}}, {"model": "store.order", "pk": 49, "fields": {"status": "Pending", "user": 3, "full_name": "Atharva Bansode", "phone": "7499784650", "email": "test@gmail.com", "address": "Narhe", "city": "pune", "pincode": "411041", "total_amount": "90.00", "payment_method": "COD", "payment_status": "Pending", "razorpay_order_id": null, "razorpay_payment_id": null, "delivery_charge": 0.0, "vehicle": "Scooter", "created_at": "2026-05-06T07:24:10.715Z", "confirmed_at": null, "out_for_delivery_at": null, "delivered_at": null}}, {"model": "store.order", "pk": 50, "fields": {"status": "Pending", "user": 3, "full_name": "Atharva Bansode", "phone": "7499784650", "email": "test@gmail.com", "address": "Narhe", "city": "Pune", "pincode": "411041", "total_amount": "40.00", "payment_method": "COD", "payment_status": "Pending", "razorpay_order_id": null, "razorpay_payment_id": null, "delivery_charge": 0.0, "vehicle": "Scooter", "created_at": "2026-05-08T08:03:24.826Z", "confirmed_at": null, "out_for_delivery_at": null, "delivered_at": null}}, {"model": "store.order", "pk": 51, "fields": {"status": "Pending", "user": 3, "full_name": "Atharva Bansode", "phone": "7499784650", "email": "test@gmail.com", "address": "Narhe", "city": "Pune", "pincode": "411041", "total_amount": "65.00", "payment_method": "COD", "payment_status": "Pending", "razorpay_order_id": null, "razorpay_payment_id": null, "delivery_charge": 25.0, "vehicle": "Scooter", "created_at": "2026-05-08T18:44:01.068Z", "confirmed_at": null, "out_for_delivery_at": null, "delivered_at": null}}, {"model": "store.order", "pk": 52, "fields": {"status": "Pending", "user": 3, "full_name": "Atharva Bansode", "phone": "7499784650", "email": "test@gmail.com", "address": "Narhe", "city": "Pune", "pincode": "411041", "total_amount": "70.00", "payment_method": "COD", "payment_status": "Pending", "razorpay_order_id": null, "razorpay_payment_id": null, "delivery_charge": 25.0, "vehicle": "Scooter", "created_at": "2026-05-09T07:23:34.520Z", "confirmed_at": null, "out_for_delivery_at": null, "delivered_at": null}}, {"model": "store.order", "pk": 53, "fields": {"status": "Pending", "user": 3, "full_name": "Atharva Bansode", "phone": "7499784659", "email": "test@gmail.com", "address": "Narhe", "city": "Pune", "pincode": "411041", "total_amount": "70.00", "payment_method": "COD", "payment_status": "Pending", "razorpay_order_id": null, "razorpay_payment_id": null, "delivery_charge": 25.0, "vehicle": "Scooter", "created_at": "2026-05-09T08:12:17.644Z", "confirmed_at": null, "out_for_delivery_at": null, "delivered_at": null}}, {"model": "store.order", "pk": 54, "fields": {"status": "Pending", "user": 3, "full_name": "Atharva Bansode", "phone": "7499784650", "email": "test@gmail.com", "address": "Narhe", "city": "pune", "pincode": "411041", "total_amount": "95.00", "payment_method": "COD", "payment_status": "Pending", "razorpay_order_id": null, "razorpay_payment_id": null, "delivery_charge": 25.0, "vehicle": "Scooter", "created_at": "2026-05-09T08:13:33.727Z", "confirmed_at": null, "out_for_delivery_at": null, "delivered_at": null}}, {"model": "store.order", "pk": 55, "fields": {"status": "Pending", "user": 3, "full_name": "Swati Bansode", "phone": "8857955034", "email": "test@gmail.com", "address": "Narhe", "city": "pune", "pincode": "411041", "total_amount": "70.00", "payment_method": "COD", "payment_status": "Pending", "razorpay_order_id": null, "razorpay_payment_id": null, "delivery_charge": 25.0, "vehicle": "Scooter", "created_at": "2026-05-09T09:06:53.465Z", "confirmed_at": null, "out_for_delivery_at": null, "delivered_at": null}}, {"model": "store.order", "pk": 56, "fields": {"status": "Pending", "user": 5, "full_name": "Swati Bansode", "phone": "8857955034", "email": "test@gmail.com", "address": "Narhe", "city": "Pune", "pincode": "411041", "total_amount": "65.00", "payment_method": "COD", "payment_status": "Pending", "razorpay_order_id": null, "razorpay_payment_id": null, "delivery_charge": 25.0, "vehicle": "Scooter", "created_at": "2026-05-09T10:09:00.881Z", "confirmed_at": null, "out_for_delivery_at": null, "delivered_at": null}}, {"model": "store.order", "pk": 57, "fields": {"status": "Pending", "user": 5, "full_name": "Swati Bansode", "phone": "8857955034", "email": "test@gmail.com", "address": "Narhe", "city": "Pune", "pincode": "411041", "total_amount": "110.00", "payment_method": "COD", "payment_status": "Pending", "razorpay_order_id": null, "razorpay_payment_id": null, "delivery_charge": 25.0, "vehicle": "Scooter", "created_at": "2026-05-09T10:13:10.539Z", "confirmed_at": null, "out_for_delivery_at": null, "delivered_at": null}}, {"model": "store.order", "pk": 58, "fields": {"status": "Pending", "user": 5, "full_name": "Swati Bansode", "phone": "8857955034", "email": "test@gmail.com", "address": "Narhe", "city": "Pune", "pincode": "411041", "total_amount": "65.00", "payment_method": "COD", "payment_status": "Pending", "razorpay_order_id": null, "razorpay_payment_id": null, "delivery_charge": 25.0, "vehicle": "Scooter", "created_at": "2026-05-09T10:17:03.323Z", "confirmed_at": null, "out_for_delivery_at": null, "delivered_at": null}}, {"model": "store.order", "pk": 59, "fields": {"status": "Pending", "user": 5, "full_name": "Swati Bansode", "phone": "8957955034", "email": "test@gmail.com", "address": "Narhe", "city": "Pune", "pincode": "411041", "total_amount": "65.00", "payment_method": "COD", "payment_status": "Pending", "razorpay_order_id": null, "razorpay_payment_id": null, "delivery_charge": 25.0, "vehicle": "Scooter", "created_at": "2026-05-09T10:22:25.177Z", "confirmed_at": null, "out_for_delivery_at": null, "delivered_at": null}}, {"model": "store.order", "pk": 60, "fields": {"status": "Pending", "user": 5, "full_name": "Swati Bansode", "phone": "8857955034", "email": "test@gmail.com", "address": "Narhe", "city": "Pune", "pincode": "411041", "total_amount": "65.00", "payment_method": "COD", "payment_status": "Pending", "razorpay_order_id": null, "razorpay_payment_id": null, "delivery_charge": 25.0, "vehicle": "Scooter", "created_at": "2026-05-09T10:26:12.277Z", "confirmed_at": null, "out_for_delivery_at": null, "delivered_at": null}}, {"model": "store.order", "pk": 61, "fields": {"status": "Pending", "user": 5, "full_name": "Swati Bansode", "phone": "8857955034", "email": "test@gmail.com", "address": "Narhe", "city": "Pune", "pincode": "411041", "total_amount": "65.00", "payment_method": "COD", "payment_status": "Pending", "razorpay_order_id": null, "razorpay_payment_id": null, "delivery_charge": 25.0, "vehicle": "Scooter", "created_at": "2026-05-09T10:34:16.751Z", "confirmed_at": null, "out_for_delivery_at": null, "delivered_at": null}}, {"model": "store.order", "pk": 62, "fields": {"status": "Pending", "user": 3, "full_name": "Atharva Bansode", "phone": "7499784659", "email": "atharvabansode2001@gmail.com", "address": "Narhe", "city": "Pune", "pincode": "411041", "total_amount": "155.00", "payment_method": "COD", "payment_status": "Pending", "razorpay_order_id": null, "razorpay_payment_id": null, "delivery_charge": 25.0, "vehicle": "Scooter", "created_at": "2026-05-09T12:39:01.545Z", "confirmed_at": null, "out_for_delivery_at": null, "delivered_at": null}}, {"model": "store.order", "pk": 63, "fields": {"status": "Confirmed", "user": 3, "full_name": "Atharva Bansode", "phone": "7499784650", "email": "atharvabansode2001@gmail.com", "address": "Narhe", "city": "Pune", "pincode": "411041", "total_amount": "45.00", "payment_method": "COD", "payment_status": "Pending", "razorpay_order_id": null, "razorpay_payment_id": null, "delivery_charge": 0.0, "vehicle": "Scooter", "created_at": "2026-05-09T18:32:45.089Z", "confirmed_at": null, "out_for_delivery_at": null, "delivered_at": null}}, {"model": "store.order", "pk": 64, "fields": {"status": "Pending", "user": 3, "full_name": "Atharva Bansode", "phone": "7498784650", "email": "atharvabansode2001@gmail.com", "address": "Narhe", "city": "Pune", "pincode": "411041", "total_amount": "70.00", "payment_method": "COD", "payment_status": "Pending", "razorpay_order_id": null, "razorpay_payment_id": null, "delivery_charge": 25.0, "vehicle": "Scooter", "created_at": "2026-05-09T19:27:35.369Z", "confirmed_at": null, "out_for_delivery_at": null, "delivered_at": null}}, {"model": "store.orderitem", "pk": 51, "fields": {"order": 39, "product": 2, "quantity": 1, "price": "70.00"}}, {"model": "store.orderitem", "pk": 52, "fields": {"order": 40, "product": 1, "quantity": 1, "price": "45.00"}}, {"model": "store.orderitem", "pk": 53, "fields": {"order": 41, "product": 1, "quantity": 1, "price": "45.00"}}, {"model": "store.orderitem", "pk": 54, "fields": {"order": 41, "product": 2, "quantity": 1, "price": "70.00"}}, {"model": "store.orderitem", "pk": 55, "fields": {"order": 42, "product": 1, "quantity": 1, "price": "45.00"}}, {"model": "store.orderitem", "pk": 56, "fields": {"order": 43, "product": 1, "quantity": 1, "price": "45.00"}}, {"model": "store.orderitem", "pk": 57, "fields": {"order": 44, "product": 1, "quantity": 1, "price": "45.00"}}, {"model": "store.orderitem", "pk": 58, "fields": {"order": 45, "product": 1, "quantity": 1, "price": "45.00"}}, {"model": "store.orderitem", "pk": 59, "fields": {"order": 46, "product": 3, "quantity": 1, "price": "40.00"}}, {"model": "store.orderitem", "pk": 60, "fields": {"order": 47, "product": 1, "quantity": 1, "price": "45.00"}}, {"model": "store.orderitem", "pk": 61, "fields": {"order": 47, "product": 2, "quantity": 1, "price": "70.00"}}, {"model": "store.orderitem", "pk": 62, "fields": {"order": 47, "product": 3, "quantity": 1, "price": "40.00"}}, {"model": "store.orderitem", "pk": 63, "fields": {"order": 48, "product": 1, "quantity": 1, "price": "45.00"}}, {"model": "store.orderitem", "pk": 64, "fields": {"order": 49, "product": 1, "quantity": 2, "price": "45.00"}}, {"model": "store.orderitem", "pk": 65, "fields": {"order": 50, "product": 3, "quantity": 1, "price": "40.00"}}, {"model": "store.orderitem", "pk": 66, "fields": {"order": 51, "product": 3, "quantity": 1, "price": "40.00"}}, {"model": "store.orderitem", "pk": 67, "fields": {"order": 52, "product": 1, "quantity": 1, "price": "45.00"}}, {"model": "store.orderitem", "pk": 68, "fields": {"order": 53, "product": 1, "quantity": 1, "price": "45.00"}}, {"model": "store.orderitem", "pk": 69, "fields": {"order": 54, "product": 2, "quantity": 1, "price": "70.00"}}, {"model": "store.orderitem", "pk": 70, "fields": {"order": 55, "product": 1, "quantity": 1, "price": "45.00"}}, {"model": "store.orderitem", "pk": 71, "fields": {"order": 56, "product": 3, "quantity": 1, "price": "40.00"}}, {"model": "store.orderitem", "pk": 72, "fields": {"order": 57, "product": 1, "quantity": 1, "price": "45.00"}}, {"model": "store.orderitem", "pk": 73, "fields": {"order": 57, "product": 3, "quantity": 1, "price": "40.00"}}, {"model": "store.orderitem", "pk": 74, "fields": {"order": 58, "product": 3, "quantity": 1, "price": "40.00"}}, {"model": "store.orderitem", "pk": 75, "fields": {"order": 59, "product": 3, "quantity": 1, "price": "40.00"}}, {"model": "store.orderitem", "pk": 76, "fields": {"order": 60, "product": 3, "quantity": 1, "price": "40.00"}}, {"model": "store.orderitem", "pk": 77, "fields": {"order": 61, "product": 3, "quantity": 1, "price": "40.00"}}, {"model": "store.orderitem", "pk": 78, "fields": {"order": 62, "product": 1, "quantity": 2, "price": "45.00"}}, {"model": "store.orderitem", "pk": 79, "fields": {"order": 62, "product": 3, "quantity": 1, "price": "40.00"}}, {"model": "store.orderitem", "pk": 80, "fields": {"order": 63, "product": 1, "quantity": 1, "price": "45.00"}}, {"model": "store.orderitem", "pk": 81, "fields": {"order": 64, "product": 1, "quantity": 1, "price": "45.00"}}]